algo,env,n_seeds,final_mean,final_ci_lo,final_ci_hi,steps_to_thr,wall_clock_s,sec_per_100k,actor_params,on_policy
dqn,CartPole-v1,1,258.75,258.75,258.75,99655,143.294,143.79007576137678,4610,False
dqn,Acrobot-v1,1,-101.2,-101.2,-101.2,41872,272.748,136.40128025605122,4803,False
ppo,CartPole-v1,1,447.87,447.87,447.87,68450,293.404,299.4254457132943,4610,True
ppo,Pendulum-v1,1,-218.49994950936173,-218.49994950936173,-218.49994950936173,88000,896.735,451.5281973816717,4482,True
